A 2002-2011 winner of the 'Best Animated Feature' at the oscars.,,,
Shrek,WALL-E,Up,Bolt
84,52,3,12
Luxury watch brands.,,,
Cartier,Rolex,Patek,Hublot
45,89,4,9
Name a character from the BBC sci-fi series Torchwood.,,,
Gwen,Owen,Jack,Suzie
67,34,78,0
Give a process of the water cycle,,,
Infiltration,Transpiration,Evaporation,Run-off
23,45,94,0
A country in Europe with a King or Queen currently.,,,
United Kingdom,Liechtenstein,Denmark,Norway
90,2,34,12
UK rap artists ,,,
D-Block-Europe,M Huncho,Geko,Stormzy
42,23,8,94